City_ID,City,Cloudiness,Country,Date,Humidity,Lat,Lng,Max Temp,Wind Speed
0,yellowknife,75,CA,1537894800,87,62.45,-114.38,42.8,8.05
1,mataura,92,NZ,1537897993,71,-46.19,168.86,41.07,20.76
2,albany,90,US,1537897680,100,42.65,-73.75,57.92,18.34
3,hasaki,75,JP,1537895220,93,35.73,140.83,64.4,10.29
4,bethel,40,US,1537894380,100,60.79,-161.76,37.94,9.17
5,giresun,92,TR,1537898016,100,40.91,38.39,59.34,3.2
6,cabedelo,75,BR,1537894800,62,-6.97,-34.84,84.2,16.11
7,busselton,68,AU,1537898198,100,-33.64,115.35,54.66,6.22
8,kapaa,90,US,1537897320,84,22.08,-159.32,78.08,18.34
9,ushuaia,75,AR,1537894800,56,-54.81,-68.31,41.0,11.41
10,bredasdorp,0,ZA,1537894800,48,-34.53,20.04,64.4,23.04
11,sao desiderio,8,BR,1537898199,23,-12.36,-44.97,95.52,8.68
12,geraldton,90,CA,1537894800,93,49.72,-86.95,42.8,6.93
13,bluff,0,AU,1537898199,84,-23.58,149.07,60.96,7.78
14,cidreira,80,BR,1537898023,89,-30.17,-50.22,68.34,20.31
15,road town,40,VG,1537894800,66,18.42,-64.62,89.6,12.75
16,aken,0,DE,1537896000,53,51.85,12.05,50.0,4.7
17,bathsheba,40,BB,1537894800,74,13.22,-59.52,86.0,21.92
18,hobart,20,AU,1537896600,86,-42.88,147.33,37.4,8.05
19,port alfred,44,ZA,1537898200,95,-33.59,26.89,65.19,13.15
20,uva,92,RU,1537898200,97,56.98,52.19,52.86,11.03
21,kodiak,90,US,1537897980,93,39.95,-94.76,66.02,9.17
22,kavieng,64,PG,1537898201,100,-2.57,150.8,83.91,13.71
23,tasiilaq,20,GL,1537894200,74,65.61,-37.64,37.4,8.05
24,puri,20,ID,1537894800,83,-7.54,112.45,80.6,5.82
25,san patricio,92,PY,1537898202,89,-26.98,-56.83,74.37,5.21
26,cape town,75,ZA,1537894800,72,-33.93,18.42,59.0,20.8
27,tuktoyaktuk,90,CA,1537894800,79,69.44,-133.03,28.4,3.36
28,fazilka,20,IN,1537898202,87,30.41,74.03,73.29,1.3
29,rikitea,88,PF,1537897976,100,-23.12,-134.97,71.58,24.23
30,torbay,75,CA,1537894800,65,47.66,-52.73,44.6,17.22
31,bambous virieux,40,MU,1537894800,73,-20.34,57.76,73.4,12.75
32,thompson,75,CA,1537894800,86,55.74,-97.86,39.2,2.24
33,east london,0,ZA,1537894800,77,-33.02,27.91,62.6,13.87
34,indianola,1,US,1537896900,39,40.24,-100.42,64.22,24.16
35,avera,75,US,1537896900,72,33.19,-82.53,84.2,5.82
36,upernavik,76,GL,1537898204,100,72.79,-56.15,31.17,5.99
37,longyan,0,CN,1537898204,92,25.1,117.03,62.94,1.86
38,castro,76,CL,1537898204,70,-42.48,-73.76,50.34,8.68
39,ribeira grande,20,PT,1537896600,73,38.52,-28.7,75.2,10.29
40,oussouye,40,SN,1537894800,79,12.49,-16.54,86.0,6.93
41,spisska bela,20,SK,1537896600,87,49.19,20.46,39.2,10.29
42,morges,0,CH,1537896000,44,46.51,6.5,60.8,9.17
43,hilo,75,US,1537896180,87,19.71,-155.08,77.0,3.36
44,biltine,92,TD,1537898206,23,14.53,20.93,89.58,7.34
45,severo-kurilsk,56,RU,1537898038,97,50.68,156.12,49.44,9.46
46,colares,0,PT,1537896600,30,38.8,-9.45,86.0,9.17
47,anadyr,40,RU,1537894800,93,64.73,177.51,42.8,15.66
48,puerto baquerizo moreno,75,EC,1537894800,73,-0.9,-89.6,75.2,13.87
49,new norfolk,20,AU,1537896600,86,-42.78,147.06,37.4,8.05
50,georgetown,75,GY,1537894800,55,6.8,-58.16,91.4,9.17
51,kaitangata,76,NZ,1537898207,70,-46.28,169.85,40.89,24.9
52,havoysund,75,NO,1537896000,75,71.0,24.66,41.0,17.22
53,vangaindrano,20,MG,1537898208,87,-23.35,47.6,66.81,4.21
54,celestun,8,MX,1537898208,98,20.87,-90.4,84.36,7.34
55,timbiqui,68,CO,1537898208,93,2.77,-77.67,81.84,5.77
56,lompoc,90,US,1537896900,87,34.64,-120.46,62.06,3.2
57,codrington,92,AU,1537898209,100,-28.95,153.24,52.86,2.98
58,hithadhoo,80,MV,1537898209,100,-0.6,73.08,84.45,14.5
59,ozinki,76,RU,1537898209,45,51.2,49.73,61.77,14.38
60,saint-philippe,90,CA,1537897260,87,45.36,-73.48,55.4,18.34
61,arraial do cabo,0,BR,1537894800,61,-22.97,-42.02,82.4,11.41
62,clyde river,90,CA,1537896900,100,70.47,-68.59,30.2,3.36
63,chokurdakh,88,RU,1537898210,93,70.62,147.9,31.35,8.79
64,kumba,76,CM,1537898210,92,4.64,9.44,73.11,3.65
65,sann,0,PK,1537894800,55,26.04,68.14,87.8,6.93
66,pontianak,40,ID,1537894800,94,-0.02,109.34,73.4,2.86
67,ahipara,80,NZ,1537898211,84,-35.17,173.16,54.93,16.51
68,pacific grove,40,US,1537896900,77,36.62,-121.92,60.8,5.82
69,barrow,68,AR,1537898211,51,-38.31,-60.23,67.71,11.81
70,saint george,75,GR,1537896000,34,39.45,22.34,66.2,11.41
71,lorengau,32,PG,1537898211,100,-2.02,147.27,82.11,6.22
72,jinji,48,CN,1537898212,94,22.16,112.49,71.22,1.97
73,kununurra,40,AU,1537896600,88,-15.77,128.74,68.0,4.7
74,kruisfontein,12,ZA,1537898212,95,-34.0,24.73,59.79,12.48
75,puerto ayora,40,EC,1537894800,61,-0.74,-90.35,78.8,14.99
76,woodward,40,US,1537895700,47,36.43,-99.39,75.92,20.8
77,salalah,0,OM,1537894200,78,17.01,54.1,78.8,3.36
78,hermanus,24,ZA,1537898213,68,-34.42,19.24,56.19,13.94
79,hambantota,24,LK,1537898213,100,6.12,81.12,80.04,9.69
80,samarai,76,PG,1537898044,100,-10.62,150.67,77.07,16.62
81,punta arenas,20,CL,1537894800,65,-53.16,-70.91,44.6,9.17
82,gaspe,75,CA,1537894800,78,48.83,-64.48,55.4,11.41
83,ilulissat,40,GL,1537894200,80,69.22,-51.1,33.8,9.17
84,henties bay,0,NA,1537898153,93,-22.12,14.28,57.18,11.7
85,popondetta,76,PG,1537898214,96,-8.77,148.24,66.81,1.86
86,shelburne,90,CA,1537897140,88,44.08,-80.2,68.0,9.17
87,richards bay,0,ZA,1537898214,61,-28.77,32.06,79.41,13.49
88,butaritari,0,KI,1537898214,100,3.07,172.79,83.64,13.6
89,paka,0,HR,1537896600,66,45.29,18.06,48.2,6.93
90,fortuna,40,ES,1537896600,83,38.18,-1.13,82.4,13.87
91,pringsewu,0,ID,1537898215,92,-5.36,104.98,72.39,2.3
92,tupik,0,RU,1537898215,86,54.43,119.94,34.59,4.21
93,antofagasta,0,CL,1537894800,63,-23.65,-70.4,62.6,12.75
94,srednekolymsk,36,RU,1537898076,94,67.46,153.71,26.22,2.42
95,dikson,92,RU,1537898215,94,73.51,80.55,40.26,31.05
96,tuatapere,92,NZ,1537898086,100,-46.13,167.69,43.59,24.56
97,jamestown,0,AU,1537898066,83,-33.21,138.6,38.46,4.88
98,nadym,36,RU,1537898216,93,65.53,72.51,52.77,7.78
99,ngerengere,75,TZ,1537894800,57,-6.76,38.13,80.6,3.2
100,nanortalik,0,GL,1537898216,93,60.14,-45.24,37.92,21.77
101,grand gaube,40,MU,1537894800,73,-20.01,57.66,73.4,12.75
102,atuona,0,PF,1537898217,100,-9.8,-139.03,78.78,10.69
103,luwuk,44,ID,1537898217,88,-0.95,122.79,77.97,6.89
104,provideniya,8,RU,1537898217,100,64.42,-173.23,41.79,6.22
105,nikolskoye,40,RU,1537894800,49,59.7,30.79,46.4,15.66
106,alice springs,0,AU,1537896600,32,-23.7,133.88,51.8,3.36
107,carnarvon,0,ZA,1537897991,17,-30.97,22.13,60.51,16.73
108,mar del plata,92,AR,1537898218,88,-46.43,-67.52,44.58,8.12
109,makakilo city,1,US,1537894620,79,21.35,-158.09,80.06,3.36
110,victoria,75,BN,1537896600,88,5.28,115.24,78.8,2.24
111,vao,48,EE,1537898021,60,59.1,26.19,49.35,12.03
112,hornepayne,44,CA,1537898218,83,49.22,-84.78,59.52,3.76
113,luderitz,8,NA,1537898219,85,-26.65,15.16,55.47,11.81
114,avarua,40,CK,1537894800,78,-21.21,-159.78,75.2,4.7
115,port elizabeth,90,US,1537896000,82,39.31,-74.98,80.06,13.87
116,turochak,92,RU,1537898219,93,52.26,87.12,45.21,3.09
117,yokadouma,20,CM,1537898219,85,3.52,15.05,74.64,2.75
118,challapata,0,BO,1537898220,58,-18.9,-66.78,50.52,7.45
119,lebu,0,ET,1537898220,51,8.96,38.73,54.39,5.66
120,saint anthony,1,US,1537894560,9,43.97,-111.68,51.98,4.7
121,sibolga,88,ID,1537898220,100,1.74,98.78,70.14,0.74
122,isangel,92,VU,1537898220,100,-19.55,169.27,73.2,15.28
123,egvekinot,88,RU,1537898046,96,66.32,-179.17,32.79,2.42
124,mahebourg,40,MU,1537894800,73,-20.41,57.7,73.4,12.75
125,bowen,40,AU,1537894800,88,-20.01,148.25,62.6,5.82
126,manono,8,CD,1537898221,67,-7.3,27.4,80.31,2.53
127,cherskiy,20,RU,1537898038,97,68.75,161.3,23.97,2.42
128,diffa,0,NE,1537898221,44,13.32,12.61,87.15,4.65
129,touros,12,BR,1537897924,68,-5.2,-35.46,83.82,17.4
130,qaanaaq,0,GL,1537898222,100,77.48,-69.36,14.79,4.76
131,los llanos de aridane,20,ES,1537896600,78,28.66,-17.92,77.0,8.05
132,assare,0,BR,1537898222,31,-6.87,-39.88,95.16,9.35
133,yilan,75,TW,1537894800,83,24.75,121.75,77.0,5.82
134,norman wells,90,CA,1537894800,98,65.28,-126.83,33.8,3.53
135,honiara,75,SB,1537895400,100,-9.43,159.96,75.2,9.17
136,aklavik,90,CA,1537894800,92,68.22,-135.01,28.4,9.17
137,portland,1,US,1537894380,64,45.52,-122.67,64.94,3.36
138,sao joao da barra,20,BR,1537894800,55,-21.64,-41.05,86.0,13.87
139,port hedland,0,AU,1537896600,88,-20.31,118.58,68.0,6.93
140,mehamn,0,NO,1537894200,94,71.03,27.85,41.0,11.41
141,boli,8,CN,1537898224,84,45.76,130.56,43.14,3.98
142,san vicente,20,SV,1537897800,66,13.64,-88.78,91.4,3.2
143,alekseyevka,40,RU,1537894800,42,53.25,50.49,64.4,24.61
144,monastyrshchina,68,RU,1537898225,81,54.35,31.84,43.14,13.04
145,tibati,88,CM,1537898225,97,6.47,12.63,66.81,4.21
146,palmer,0,AU,1537896600,70,-34.85,139.16,48.2,3.36
147,tucupita,64,VE,1537898226,69,9.06,-62.05,87.24,7.45
148,hualmay,20,PE,1537898226,61,-11.1,-77.61,72.12,6.22
149,port hueneme,90,US,1537895280,70,34.15,-119.2,66.92,2.64
150,moyale,0,ET,1537898226,94,3.52,39.05,62.31,1.63
151,beloha,0,MG,1537898226,72,-25.17,45.06,71.76,5.99
152,puerto escondido,75,MX,1537893660,70,15.86,-97.07,84.2,6.93
153,narsaq,20,GL,1537894200,35,60.91,-46.05,41.0,11.41
154,samana,75,EC,1537894800,52,0.12,-76.97,91.4,4.7
155,eganville,90,CA,1537894800,93,45.54,-77.1,57.2,12.75
156,teplodar,0,UA,1537894800,66,46.51,30.33,50.0,11.18
157,sept-iles,75,CA,1537894800,53,50.2,-66.38,50.0,12.75
158,yamada,20,JP,1537894800,77,36.58,137.08,64.4,12.75
159,parkersburg,90,US,1537896060,86,39.27,-81.55,71.06,10.29
160,sinegorye,12,RU,1537898228,79,62.09,150.53,10.2,1.97
161,neuquen,0,AR,1537894800,22,-38.95,-68.06,66.2,3.36
162,souillac,0,FR,1537896600,30,45.6,-0.6,68.0,12.75
163,kutum,92,SD,1537898229,17,14.2,24.66,87.96,9.24
164,elko,1,US,1537894560,9,40.83,-115.76,51.98,3.65
165,ravar,8,IR,1537898229,33,31.27,56.81,60.69,3.98
166,coolum beach,80,AU,1537898229,100,-26.53,153.09,60.33,3.31
167,longyearbyen,90,NO,1537894200,100,78.22,15.63,32.0,17.22
168,alofi,40,NU,1537894800,94,-19.06,-169.92,68.0,4.76
169,prosotsani,40,GR,1537896000,71,41.18,23.97,57.2,5.82
170,mikkeli,0,FI,1537896000,93,61.69,27.27,37.4,11.59
171,north bend,1,US,1537895700,67,43.41,-124.22,64.4,8.05
172,karratha,0,AU,1537898231,27,-20.74,116.85,72.3,10.8
173,chuy,76,UY,1537897994,87,-33.69,-53.46,64.74,17.29
174,praia da vitoria,40,PT,1537894800,83,38.73,-27.07,75.2,11.59
175,khatanga,36,RU,1537897998,84,71.98,102.47,29.19,9.24
176,damavand,0,IR,1537894800,25,35.72,52.07,75.2,4.7
177,sinop,100,TR,1537898231,100,42.03,35.15,62.85,16.73
178,san blas,40,MX,1537893900,74,21.54,-105.29,78.8,2.3
179,bandarbeyla,0,SO,1537898232,96,9.49,50.81,77.7,22.21
180,borogontsy,76,RU,1537898232,91,62.67,131.17,36.84,2.53
181,creel,0,MX,1537898232,39,27.75,-107.63,76.44,2.42
182,taga,75,JP,1537894800,77,35.21,136.34,68.0,12.75
183,jalu,0,LY,1537898233,35,29.03,21.55,85.62,8.68
184,deputatskiy,68,RU,1537898233,96,69.3,139.9,28.38,2.98
185,hervey bay,80,AU,1537898233,97,-25.3,152.85,67.35,7.78
186,katobu,0,ID,1537898233,100,-4.94,122.53,76.71,4.76
187,dongsheng,92,CN,1537898233,74,29.72,112.52,67.26,11.14
188,kavaratti,64,IN,1537898234,100,10.57,72.64,82.38,12.82
189,birobidzhan,0,RU,1537898234,91,48.79,132.93,38.01,2.53
190,tucurui,75,BR,1537894800,58,-3.77,-49.67,87.8,5.82
191,ahuimanu,1,US,1537894620,93,21.44,-157.84,80.06,4.99
192,vung tau,40,VN,1537896600,94,10.35,107.08,78.8,4.7
193,komsomolskiy,88,RU,1537898234,91,67.55,63.78,46.65,5.44
194,haysville,75,US,1537897080,65,37.56,-97.35,82.04,10.29
195,atar,88,MR,1537898235,19,20.52,-13.05,96.96,6.33
196,changtu,0,CN,1537898235,80,42.78,124.11,40.26,2.86
197,selvik,0,NO,1537896000,58,59.57,10.26,57.2,16.11
198,sao filipe,0,CV,1537898236,91,14.9,-24.5,80.04,11.59
199,belaya gora,92,RU,1537898236,93,68.54,146.19,31.26,3.2
200,champerico,75,MX,1537894320,78,16.38,-93.6,77.0,1.63
201,turtas,0,RU,1537898236,84,58.94,69.13,59.43,7.0
202,emba,20,CY,1537896600,83,34.81,32.42,80.6,6.93
203,finca blanco,44,PA,1537898237,98,8.38,-82.87,82.2,4.43
204,daloa,64,CI,1537898237,85,6.88,-6.45,81.39,2.86
205,cap-aux-meules,20,CA,1537894800,50,47.38,-61.86,51.8,8.05
206,idah,20,NG,1537898237,96,7.11,6.73,75.54,3.2
207,collie,0,AU,1537898238,86,-33.36,116.15,43.32,2.86
208,pedernales,32,EC,1537898238,73,0.07,-80.05,86.25,6.89
209,tiksi,88,RU,1537897975,98,71.64,128.87,33.78,14.72
210,salym,8,RU,1537898238,93,60.06,71.48,56.64,5.99
211,teguise,20,ES,1537896600,88,29.06,-13.56,75.2,12.75
212,bukachacha,0,RU,1537898239,77,52.99,116.91,34.59,2.3
213,teeli,76,RU,1537898239,100,51.01,90.2,30.81,2.64
214,illela,0,NG,1537898239,64,12.25,4.3,83.91,6.55
215,ponta do sol,0,BR,1537898239,36,-20.63,-46.0,90.12,7.34
216,buraydah,40,SA,1537894800,20,26.33,43.97,98.6,5.82
217,san gabriel,90,US,1537897260,78,34.1,-118.11,68.0,3.36
218,esik,0,KZ,1537894800,70,43.36,77.47,48.2,4.47
219,abeche,44,TD,1537898240,31,13.83,20.83,86.7,6.89
220,baker city,1,US,1537894560,48,44.77,-117.83,53.96,3.36
221,berlevag,0,NO,1537894200,64,70.86,29.09,39.2,17.22
222,kamenka,12,RU,1537898241,90,53.19,44.05,45.66,11.03
223,placer,1,US,1537894560,4,42.63,-123.32,66.92,10.29
224,alexandria,90,US,1537896900,86,31.31,-92.44,89.06,4.43
225,saldanha,0,PT,1537897980,35,41.42,-6.55,73.92,4.21
226,lisala,8,CD,1537898242,91,2.15,21.52,74.28,3.42
227,aguas formosas,8,BR,1537898242,35,-17.08,-40.94,88.05,8.46
228,cabo san lucas,20,MX,1537893900,74,22.89,-109.91,87.8,3.36
229,laguna,75,MX,1537893600,66,27.52,-110.01,87.8,3.31
230,half moon bay,20,US,1537897140,82,37.46,-122.43,66.02,3.36
231,flinders,90,AU,1537894800,87,-34.58,150.85,51.8,2.75
232,sokoni,0,CD,1537898243,50,-12.89,28.78,71.85,3.65
233,kahului,1,US,1537894560,87,20.89,-156.47,75.2,3.36
234,sheridan,1,US,1537896900,6,39.65,-105.03,59.9,5.82
235,esperance,40,TT,1537894800,62,10.24,-61.45,89.6,17.22
236,qaqortoq,20,GL,1537894200,35,60.72,-46.03,41.0,11.41
237,marawi,88,PH,1537898244,100,8.0,124.29,68.7,2.75
238,le port,24,FR,1537898244,56,42.87,1.37,57.99,0.74
239,seymchan,24,RU,1537898244,90,62.93,152.39,18.48,1.41
240,mala,8,PE,1537898245,95,-12.66,-76.63,64.38,4.76
241,loikaw,36,MM,1537898245,100,19.67,97.21,65.55,2.42
242,puerto del rosario,0,ES,1537896600,88,28.5,-13.86,77.0,10.29
243,hokitika,68,NZ,1537898095,93,-42.72,170.96,50.52,25.46
244,macas,0,EC,1537898242,63,-2.3,-78.12,81.12,4.99
245,alta,40,NO,1537896000,70,69.97,23.27,42.8,13.87
246,douala,88,CM,1537898246,92,4.04,9.71,75.9,1.41
247,katsuura,44,JP,1537898246,100,33.93,134.5,68.16,9.69
248,jaswantnagar,0,IN,1537898246,83,26.88,78.91,76.8,8.23
249,cockburn town,76,TC,1537898066,97,21.46,-71.14,83.73,18.52
250,cayenne,0,GF,1537896600,59,4.94,-52.33,91.4,5.82
251,ajdabiya,0,LY,1537898247,58,30.75,20.22,79.68,9.01
252,aurillac,0,FR,1537896600,55,44.93,2.44,64.4,4.7
253,te anau,88,NZ,1537898247,89,-45.41,167.72,34.95,8.68
254,nome,75,US,1537895700,89,30.04,-94.42,83.48,3.36
255,airai,0,TL,1537898247,89,-8.93,125.41,63.12,1.97
256,matara,75,PE,1537894800,328,-13.74,-72.9,37.4,8.05
257,progreso,0,UY,1537894800,46,-34.68,-56.22,69.8,18.34
258,nioro,64,GM,1537898248,76,13.79,-15.05,85.26,6.44
259,den helder,20,NL,1537896300,76,52.96,4.76,57.2,5.82
260,vila franca do campo,20,PT,1537896600,73,37.72,-25.43,75.2,13.87
261,linqu,48,CN,1537898209,86,36.52,118.54,58.44,3.42
262,pingliang,92,CN,1537898249,98,35.54,106.68,49.08,3.65
263,harper,75,US,1537895700,66,30.3,-99.24,82.04,10.29
264,mandalgovi,88,MN,1537898249,41,45.76,106.27,49.08,2.19
265,siteki,0,SZ,1537894800,69,-26.45,31.95,73.4,12.15
266,itarema,0,BR,1537898249,52,-2.92,-39.92,89.49,18.86
267,atbasar,0,KZ,1537898250,74,51.81,68.36,47.55,7.34
268,faanui,48,PF,1537898250,100,-16.48,-151.75,77.61,14.27
269,russell,0,AR,1537894800,31,-33.01,-68.8,75.2,6.93
270,sandviken,32,SE,1537898250,60,60.62,16.77,49.71,10.69
271,derzhavinsk,0,KZ,1537898251,73,51.1,66.31,49.71,9.8
272,sao felix do xingu,12,BR,1537898251,50,-6.64,-51.99,91.83,2.75
273,vitim,8,RU,1537898251,77,59.44,112.57,35.76,3.53
274,rantepao,32,ID,1537898251,100,-2.97,119.9,62.49,1.86
275,guarapuava,92,BR,1537898251,67,-25.4,-51.46,77.52,3.65
276,vestmanna,92,FO,1537896000,100,62.16,-7.17,50.0,16.11
277,kumi,48,UG,1537898252,90,1.49,33.93,63.12,2.64
278,strezhevoy,40,RU,1537894800,100,60.73,77.6,53.6,2.24
279,dingle,20,PH,1537898252,86,11.0,122.67,75.9,7.67
280,okhotsk,0,RU,1537898253,100,59.36,143.24,37.11,4.21
281,khani,75,GE,1537894800,78,41.96,42.96,73.4,10.29
282,miri,24,NG,1537898045,74,10.31,9.75,77.61,2.19
283,padang,56,ID,1537898253,100,-0.92,100.36,79.68,4.65
284,rizhao,68,CN,1537898064,73,35.43,119.46,64.56,8.79
285,beckley,75,US,1537895400,78,37.78,-81.19,74.66,11.41
286,saskylakh,88,RU,1537898253,94,71.97,114.09,33.15,10.02
287,bogorodskoye,0,RU,1537898254,100,52.37,140.44,35.13,3.42
288,lazaro cardenas,75,MX,1537893720,41,28.39,-105.62,78.8,4.88
289,atambua,0,ID,1537898254,100,-9.11,124.89,74.19,6.89
290,chute-aux-outardes,1,CA,1537894800,50,49.12,-68.38,59.0,5.82
291,gboko,76,NG,1537898255,84,7.32,9.0,79.68,5.77
292,vaini,32,IN,1537898255,96,15.34,74.49,71.49,2.75
293,umm lajj,92,SA,1537898255,80,25.02,37.27,86.61,5.1
294,urubicha,0,BO,1537898255,31,-15.63,-63.08,99.66,5.99
295,nalvo,44,PH,1537898255,94,16.81,120.51,65.91,2.08
296,ugoofaaru,68,MV,1537898256,100,5.67,73.0,83.82,13.04
297,nizip,0,TR,1537896000,41,37.01,37.79,77.0,6.93
298,maldonado,90,UY,1537894800,52,-34.91,-54.96,69.8,11.41
299,roebourne,0,AU,1537898256,27,-20.77,117.15,72.3,10.8
300,pevek,92,RU,1537898256,100,69.7,170.27,35.94,10.02
301,bilibino,92,RU,1537898117,94,68.06,166.44,28.38,2.42
302,ishigaki,88,JP,1537898257,100,24.34,124.16,80.49,27.47
303,rio gallegos,20,AR,1537894800,36,-51.62,-69.22,48.2,4.7
304,pozo colorado,48,PY,1537898257,57,-23.49,-58.8,88.41,9.24
305,husavik,44,CA,1537898085,100,50.56,-96.99,48.63,8.23
306,batagay-alyta,88,RU,1537898257,81,67.8,130.41,26.94,2.64
307,omsukchan,12,RU,1537898258,68,62.53,155.8,10.2,2.42
308,denpasar,75,ID,1537894800,83,-8.65,115.22,78.8,2.24
309,fort morgan,1,US,1537897200,6,40.25,-103.8,60.26,13.87
310,coquimbo,40,CL,1537894800,72,-29.95,-71.34,60.8,8.05
311,toora-khem,92,RU,1537898259,90,52.47,96.11,36.93,4.65
312,iqaluit,75,CA,1537894800,64,63.75,-68.52,35.6,2.24
313,khor,20,RU,1537898259,93,47.88,134.96,37.29,2.75
314,maralal,20,KE,1537898259,84,1.1,36.7,62.4,4.65
315,harur,64,IN,1537898259,99,12.06,78.48,70.14,4.76
316,galegos,0,PT,1537896600,37,41.57,-8.27,82.4,5.82
317,severobaykalsk,20,RU,1537898260,71,55.65,109.32,28.47,1.63
318,port hardy,75,CA,1537894800,93,50.7,-127.42,53.6,4.7
319,camacha,75,PT,1537896600,69,33.08,-16.33,75.2,8.05
320,mayumba,92,GA,1537898092,94,-3.44,10.65,76.08,7.23
321,chapais,90,CA,1537896180,93,49.78,-74.86,48.2,16.11
322,makurdi,44,NG,1537898261,93,7.73,8.54,76.8,3.53
323,grindavik,75,IS,1537894800,93,63.84,-22.43,46.4,28.86
324,plakhtiyivka,20,UA,1537898261,94,46.1,29.72,50.34,16.84
325,nakusp,0,CA,1537898261,86,50.24,-117.8,43.41,0.85
326,saint-remy-de-provence,0,FR,1537896600,40,43.79,4.83,69.8,6.93
327,turayf,0,SA,1537894800,19,31.68,38.65,87.8,13.87
328,talara,0,PE,1537894800,290,-4.58,-81.27,62.6,10.29
329,araouane,0,ML,1537898262,24,18.9,-3.53,96.69,5.21
330,tual,0,ID,1537898262,99,-5.67,132.75,80.22,14.72
331,vardo,90,US,1537897680,89,39.62,-77.74,69.8,3.36
332,bantou,0,CN,1537898262,82,26.22,117.49,61.95,2.08
333,quelimane,0,MZ,1537894800,83,-17.88,36.89,77.0,11.41
334,buta,68,CD,1537898263,92,2.79,24.73,72.48,2.98
335,otane,8,NZ,1537898263,65,-39.89,176.62,45.48,18.86
336,yar-sale,88,RU,1537898263,95,66.83,70.83,49.71,7.67
337,zherdevka,44,RU,1537898264,87,51.84,41.47,47.64,8.68
338,yendi,76,GH,1537898264,70,9.45,0.0,83.01,3.53
339,uvat,8,RU,1537898264,85,59.14,68.9,59.25,7.78
340,lengshuitan,80,CN,1537898264,98,26.41,111.6,70.41,3.65
341,socoltenango,24,MX,1537898264,70,16.22,-92.25,80.76,2.42
342,margate,20,AU,1537896600,86,-43.03,147.26,37.4,8.05
343,nouakchott,0,MR,1537898265,97,18.08,-15.98,81.21,12.26
344,majene,8,ID,1537898265,96,-3.54,118.97,82.56,18.52
345,gimli,44,CA,1537898215,100,50.63,-96.99,48.63,8.23
346,mo i rana,75,NO,1537896000,87,66.32,14.15,42.8,11.41
347,witu,12,KE,1537898266,80,-2.39,40.44,76.62,10.25
348,kabelvag,40,NO,1537896000,81,68.21,14.48,48.2,19.46
349,atasu,0,KZ,1537898266,84,48.68,71.64,44.58,6.11
350,milkovo,0,BG,1537896600,37,41.53,24.68,57.2,6.93
351,kieta,92,PG,1537898266,100,-6.22,155.63,75.99,13.71
352,faya,40,SA,1537894800,22,18.39,42.45,77.0,11.41
353,perth,40,GB,1537896000,87,56.4,-3.43,55.4,27.51
354,taunggyi,12,MM,1537898267,94,20.78,97.03,62.76,2.19
355,talnakh,0,RU,1537897986,92,69.49,88.39,31.26,2.64
356,hofn,0,IS,1537898267,94,64.25,-15.21,46.02,31.61
357,fare,8,PF,1537898267,100,-16.7,-151.02,76.98,13.27
358,bejar,76,AL,1537898268,84,40.49,19.83,66.72,2.64
359,kalengwa,24,ZM,1537898268,33,-13.47,25.0,76.98,6.44
360,senanga,0,ZM,1537898268,40,-16.1,23.3,78.6,4.65
361,ayan,20,TR,1537898268,80,40.67,33.6,51.33,3.65
362,ondjiva,44,AO,1537898268,51,-17.07,15.73,79.41,1.74
363,lubumbashi,0,CD,1537898064,48,-11.66,27.48,70.5,5.21
364,mayo,75,CA,1537894800,100,63.59,-135.9,37.4,3.36
365,vila velha,40,BR,1537894800,62,-3.71,-38.6,86.0,18.34
366,buchanan,75,LR,1537894800,79,5.88,-10.05,84.2,8.05
367,namibe,0,AO,1537898269,99,-15.19,12.15,65.82,10.8
368,novyy yarychiv,75,UA,1537894800,81,49.9,24.31,46.4,8.95
369,owatonna,90,US,1537897620,87,44.08,-93.23,53.6,8.05
370,doha,0,QA,1537894800,50,25.29,51.53,95.0,1.12
371,batouri,48,CM,1537898270,91,4.44,14.36,74.01,2.75
372,kirakira,92,SB,1537898039,100,-10.46,161.92,75.54,12.82
373,nishihara,75,JP,1537894800,88,35.74,139.53,68.0,11.41
374,constitucion,40,MX,1537893780,68,23.99,-104.67,69.8,4.32
375,sinnamary,8,GF,1537898049,90,5.38,-52.96,84.99,7.23
376,songjianghe,8,CN,1537898271,79,42.18,127.48,32.07,2.42
377,conde,48,BR,1537898271,74,-11.81,-37.61,80.85,10.47
378,lufilufi,20,WS,1537894800,94,-13.87,-171.6,71.6,3.36
379,santa maria,90,BR,1537894800,93,-29.69,-53.81,64.4,8.05
380,college,90,US,1537895880,87,64.86,-147.8,46.4,3.36
381,san rafael,0,AR,1537898273,21,-34.61,-68.33,73.74,9.13
382,gisenyi,36,CD,1537898273,92,-1.69,29.26,61.59,2.75
383,linxia,92,CN,1537898274,98,35.6,103.21,49.71,3.2
384,kaniama,36,CD,1537898274,51,-7.57,24.18,79.77,2.42
385,sitka,20,US,1537898274,64,37.17,-99.65,72.12,27.36
386,mandan,90,US,1537894320,76,46.83,-100.89,51.08,6.93
387,akhmeta,0,GE,1537894800,53,42.03,45.21,73.4,27.51
388,saint-pierre,0,FR,1537896600,54,48.95,4.24,59.0,11.41
389,bolshoye selo,88,RU,1537898275,95,57.72,38.93,45.21,23.0
390,lagoa,0,PT,1537896600,74,37.14,-8.45,78.8,6.93
391,nikolayevsk-na-amure,0,RU,1537898275,100,53.14,140.72,42.51,8.57
392,kurilsk,88,RU,1537898276,100,45.23,147.88,53.94,7.45
393,tres arroyos,68,AR,1537898276,51,-38.38,-60.28,67.71,11.81
394,sterling,90,US,1537897680,86,39.0,-77.4,80.6,6.93
395,kandi,32,BJ,1537898276,57,11.13,2.93,85.71,9.69
396,soyo,0,AO,1537898277,73,-6.13,12.37,78.24,7.34
397,kamaishi,100,JP,1537898277,100,39.28,141.86,57.0,3.65
398,muroto,8,JP,1537898277,100,33.37,134.14,65.28,11.7
399,kalmunai,76,LK,1537898277,100,7.42,81.82,74.64,2.42
400,agua buena,36,PA,1537898278,83,9.12,-79.61,86.16,4.21
401,beyneu,100,KZ,1537898278,32,45.32,55.19,73.02,9.46
402,juneau,90,US,1537894380,96,58.3,-134.42,53.06,10.29
403,jilib,0,SO,1537898278,72,0.49,42.79,78.42,11.36
404,phra phutthabat,24,TH,1537898278,93,14.72,100.8,75.63,4.65
405,taksimo,0,RU,1537898278,77,56.36,114.84,23.79,2.19
406,rabo de peixe,20,PT,1537896600,73,37.8,-25.58,75.2,13.87
407,montepuez,0,MZ,1537898279,52,-13.13,39.0,76.98,10.8
408,mount gambier,0,AU,1537898279,83,-37.83,140.78,38.46,2.98
409,roma,0,IT,1537896000,32,41.89,12.48,71.6,8.05
410,salmo,75,CA,1537894800,100,49.19,-117.28,44.6,1.41
411,gold coast,90,AU,1537896600,93,-28.0,153.41,57.2,8.05
412,krasnovishersk,100,RU,1537898280,97,60.4,57.08,54.57,13.71
413,gawler,0,AU,1537896600,70,-34.6,138.75,48.2,3.36
414,yulara,0,AU,1537894800,28,-25.24,130.99,57.2,5.82
415,dajal,0,PK,1537898280,70,29.56,70.38,78.51,2.64
416,inhambane,24,MZ,1537898280,89,-23.87,35.38,75.36,13.71
417,aasiaat,20,GL,1537898100,100,68.71,-52.87,35.49,12.82
418,new amsterdam,64,GY,1537898281,72,6.25,-57.52,87.24,5.21
419,okha,0,RU,1537898281,81,53.59,142.95,45.48,9.46
420,dudinka,8,RU,1537898281,87,69.41,86.18,29.1,3.2
421,terrasini,75,IT,1537896000,65,38.15,13.08,78.8,19.46
422,leningradskiy,56,RU,1537898282,98,69.38,178.42,39.18,12.48
423,shimoda,92,JP,1537898282,100,34.7,138.93,70.14,22.88
424,newport,0,GB,1537896000,67,51.59,-3.0,60.8,6.93
425,emirdag,0,TR,1537898283,58,39.02,31.15,60.42,10.69
426,tuy hoa,32,VN,1537898283,100,13.08,109.3,74.73,4.43
427,nelson bay,68,AU,1537896600,87,-32.72,152.14,48.2,5.82
428,fairbanks,90,US,1537895880,87,64.84,-147.72,46.4,3.36
429,baruun-urt,0,MN,1537898283,63,46.68,113.28,35.94,4.65
430,chipata,0,ZM,1537898284,27,-13.64,32.65,77.16,13.27
431,camalu,0,MX,1537898165,62,30.85,-116.07,70.14,3.65
432,caravelas,32,BR,1537898284,100,-17.73,-39.27,77.07,12.48
433,collipulli,12,CL,1537898284,68,-37.96,-72.44,57.99,6.44
434,moroni,0,US,1537898284,19,39.52,-111.59,61.86,2.3
435,porto novo,20,BR,1537894800,51,-23.68,-45.44,84.2,9.17
436,banda aceh,20,ID,1537898285,99,5.56,95.32,73.11,2.75
437,los banos,1,US,1537896900,63,37.06,-120.85,77.0,4.54
438,tezu,76,IN,1537898285,100,27.93,96.16,65.64,1.63
439,mackenzie,1,CA,1537894800,81,55.34,-123.09,42.8,4.7
440,nuevo progreso,1,US,1537895700,53,26.05,-97.95,91.94,12.75
441,parga,0,ES,1537896600,49,43.39,-8.21,71.6,10.29
442,channel-port aux basques,0,CA,1537898286,100,47.57,-59.14,48.99,7.67
443,genhe,0,CN,1537898287,69,50.78,121.52,27.84,2.75
444,valle hermoso,40,MX,1537894380,70,25.67,-97.82,89.96,17.22
445,tambun,75,MY,1537894800,94,4.62,101.14,77.0,3.36
446,tadine,80,NC,1537898287,98,-21.55,167.88,70.77,15.28
447,robertsport,56,LR,1537898288,100,6.75,-11.37,78.78,5.66
448,green river,1,US,1537894440,10,41.53,-109.47,48.92,3.36
449,marquette,90,US,1537897620,93,46.54,-87.4,55.94,11.41
450,meadow lake,5,CA,1537894800,61,54.13,-108.44,46.4,8.05
451,nagorsk,92,RU,1537898288,95,59.32,50.8,49.98,18.75
452,taoudenni,0,ML,1537898288,14,22.68,-3.98,97.41,2.98
453,zemio,92,CF,1537898289,92,5.02,25.13,71.4,2.75
454,yenagoa,88,NG,1537898289,95,4.92,6.26,76.17,5.99
455,boa vista,40,BR,1537894800,44,2.82,-60.67,93.2,11.41
456,muscat,0,OM,1537894200,59,23.6,58.55,89.6,5.82
457,mount isa,0,AU,1537896600,16,-20.73,139.49,69.8,9.17
458,oktyabrskoye,88,RU,1537898290,100,56.73,85.44,53.94,4.99
459,zhigansk,8,RU,1537898290,89,66.77,123.37,38.64,5.55
460,loudi,64,CN,1537898291,82,27.73,112.0,71.58,7.78
461,nanakuli,1,US,1537894620,79,21.39,-158.15,80.06,3.36
462,lincoln,0,GB,1537896000,48,53.23,-0.54,60.8,13.87
463,dedougou,0,BF,1537898291,78,12.47,-3.47,85.98,3.31
464,bintulu,75,MY,1537894800,94,3.17,113.03,77.0,8.05
465,bilma,0,NE,1537898292,17,18.69,12.92,87.78,4.21
466,kholbon,0,RU,1537898292,74,51.9,116.25,34.68,2.75
467,port-gentil,75,GA,1537894800,88,-0.72,8.78,78.8,13.87
468,gamba,44,CN,1537898292,72,28.28,88.52,25.86,2.53
469,klaksvik,88,FO,1537896000,100,62.23,-6.59,50.0,16.11
470,sosnogorsk,92,RU,1537898293,98,63.59,53.93,46.38,2.64
471,mtwara,20,TZ,1537894800,83,-10.28,40.18,75.2,5.55
472,nuuk,75,GL,1537894200,69,64.17,-51.74,37.4,10.29
473,manokwari,76,ID,1537898293,100,-0.87,134.08,80.94,2.86
474,la ronge,75,CA,1537894800,76,55.1,-105.3,46.4,14.99
475,tura,88,IN,1537898294,99,25.52,90.21,75.18,3.09
476,saint-francois,0,FR,1537896600,38,46.42,3.91,60.8,5.82
477,nalut,8,LY,1537898294,46,31.86,10.98,81.3,9.01
478,bom jardim,0,BR,1537894800,42,-7.8,-35.59,86.0,13.87
479,ancud,68,CL,1537898295,64,-41.87,-73.83,51.15,7.45
480,angoche,0,MZ,1537898295,100,-16.23,39.91,78.6,8.23
481,high level,90,CA,1537894800,75,58.52,-117.13,41.0,3.36
482,cap malheureux,40,MU,1537894800,73,-19.98,57.61,73.4,12.75
483,birin,0,SY,1537898295,83,35.01,36.67,65.91,5.55
484,haines junction,80,CA,1537898296,62,60.75,-137.51,38.73,2.75
485,kudahuvadhoo,44,MV,1537898296,100,2.67,72.89,83.64,16.06
486,stonewall,40,CA,1537894800,66,50.13,-97.33,48.2,12.75
487,hobyo,0,SO,1537898296,85,5.35,48.53,77.43,15.05
488,hami,0,CN,1537898296,42,42.84,93.51,58.17,13.27
489,imuris,0,MX,1537898297,40,30.78,-110.86,86.16,4.65
490,kloulklubed,75,PW,1537894200,83,7.04,134.26,80.6,9.17
491,port moresby,68,PG,1537898297,98,-9.47,147.16,76.26,17.74
492,naze,68,NG,1537898297,95,5.43,7.07,74.91,5.99
493,oranjestad,75,AW,1537894800,66,12.52,-70.03,89.6,24.16
494,alcaniz,12,ES,1537898297,61,41.05,-0.13,64.11,8.34
495,preston,0,GB,1537896000,71,53.76,-2.71,59.0,17.22
496,luanda,0,AO,1537894800,83,-8.83,13.24,75.2,9.17
497,wattegama,88,LK,1537898298,96,7.35,80.68,71.94,3.2
498,lima,0,PE,1537898286,68,-12.06,-77.04,69.51,2.98
499,tugulym,0,RU,1537894800,63,57.06,64.64,62.6,6.71
500,la rioja,0,AR,1537898299,38,-29.41,-66.86,80.31,5.1
501,beringovskiy,48,RU,1537898055,100,63.05,179.32,40.98,9.35
502,meulaboh,24,ID,1537898299,100,4.14,96.13,78.96,0.96
503,comodoro rivadavia,40,AR,1537894800,57,-45.87,-67.48,51.8,13.87
504,bitkine,0,TD,1537898299,65,11.98,18.21,81.12,4.65
505,saint-georges,92,CA,1537898300,67,46.12,-70.67,54.03,8.23
506,yuci,40,CN,1537894800,76,37.68,112.73,53.6,2.24
507,poum,0,MK,1537896600,27,41.28,20.71,51.8,12.75
508,sable-sur-sarthe,0,FR,1537896600,38,47.84,-0.33,62.6,8.05
509,robore,0,BO,1537894800,55,-18.33,-59.76,91.4,17.22
510,duiwelskloof,0,ZA,1537898301,33,-23.69,30.14,68.52,5.44
511,dispur,75,IN,1537894800,94,26.14,91.79,82.4,4.88
512,pangkalanbuun,24,ID,1537898301,89,-2.68,111.62,73.02,3.09
513,ullapool,92,GB,1537898301,93,57.9,-5.16,56.37,32.95
514,obo,48,CF,1537898301,93,5.39,26.49,70.32,4.76
515,batagay,92,RU,1537898302,91,67.65,134.64,30.54,2.98
516,saquena,8,PE,1537898302,51,-4.67,-73.52,93.27,3.65
517,blacksburg,90,US,1537895700,88,37.23,-80.41,74.66,3.36
518,soligalich,76,RU,1537898302,97,59.08,42.29,44.31,5.66
519,san carlos de bariloche,40,AR,1537894800,49,-41.13,-71.31,48.2,25.28
520,brae,92,GB,1537896000,87,60.4,-1.35,53.6,32.21
521,dzerzhinskoye,88,RU,1537898303,98,56.84,95.22,46.38,7.56
522,marzuq,0,YE,1537898303,20,14.4,46.47,67.44,5.21
523,solnechnyy,0,RU,1537898303,76,50.72,136.64,31.35,2.86
524,huarmey,8,PE,1537898303,50,-10.07,-78.15,75.09,4.21
525,vagay,0,RU,1537898304,88,57.94,69.02,57.63,7.67
526,fort frances,90,CA,1537897260,92,48.61,-93.4,44.96,8.05
527,nyurba,12,RU,1537898304,73,63.29,118.35,39.72,4.76
528,baijiantan,0,CN,1537898304,59,45.63,85.18,51.69,10.02
529,adrar,0,DZ,1537894800,30,27.87,-0.29,93.2,9.17
530,trogir,0,HR,1537896600,30,43.52,16.25,59.0,17.22
531,vawkavysk,88,BY,1537898305,63,53.15,24.45,48.0,15.73
532,saint stephen,40,US,1537897980,76,45.7,-94.27,51.8,8.05
533,kenora,90,CA,1537896900,75,49.76,-94.48,44.6,11.41
534,douglas,90,US,1537894380,96,58.28,-134.39,53.06,10.29
535,anshan,0,CN,1537898306,81,41.11,122.99,43.86,2.75
536,flin flon,90,CA,1537894800,65,54.77,-101.88,44.6,11.41
537,patan,40,NP,1537896000,88,27.67,85.33,69.8,4.7
538,westport,75,IE,1537896600,100,53.8,-9.52,53.6,18.34
539,tiznit,44,MA,1537898307,73,29.7,-9.73,80.22,2.98
540,simav,0,TR,1537898307,76,39.09,28.98,57.81,5.21
541,landerneau,0,FR,1537896600,50,48.45,-4.26,60.8,3.36
542,taltal,0,CL,1537898307,69,-25.41,-70.49,69.24,2.75
543,aswan,0,EG,1537894800,17,24.09,32.9,98.6,10.29
544,colombo,75,LK,1537895400,83,6.93,79.85,80.6,3.36
545,bonfim,0,BR,1537894800,35,-20.33,-44.24,87.8,5.82
546,vestmannaeyjar,40,IS,1537894800,87,63.44,-20.27,44.6,28.86
547,erzurum,0,TR,1537896000,41,39.91,41.27,59.0,1.97
548,diego de almagro,0,CL,1537898309,72,-26.39,-70.05,73.2,3.87
549,biak,44,ID,1537898309,88,-0.91,122.88,77.97,6.89
550,the valley,68,AI,1537898309,100,18.22,-63.06,82.29,14.72
551,tynda,0,RU,1537898309,79,55.15,124.74,33.24,2.64
552,ilo,8,PE,1537898309,73,-17.65,-71.34,68.34,3.76
553,gat,68,SN,1537898091,98,14.69,-16.54,79.14,4.21
554,lata,0,IN,1537898310,98,30.78,78.62,48.63,1.74
555,sur,0,OM,1537898310,82,22.57,59.53,86.61,4.43
556,dejen,64,ET,1537898310,49,10.16,38.15,63.12,2.19
557,visby,0,SE,1537896000,99,57.64,18.3,53.6,14.99
558,dovers,68,VC,1537898310,100,12.88,-61.18,81.75,15.5
559,necochea,68,AR,1537898310,70,-38.55,-58.74,66.45,11.14
560,polunochnoye,56,RU,1537898311,58,60.87,60.43,59.7,11.59
561,matay,0,EG,1537898311,45,28.42,30.79,78.6,7.45
562,moree,32,AU,1537898311,89,-29.46,149.84,54.84,11.48
563,price,1,US,1537894380,7,39.6,-110.81,62.96,10.29
564,shellbrook,75,CA,1537894800,57,53.22,-106.39,50.0,13.87
